{"theta0": 8499.5996499296, "theta1": -0.021448963591667917}