{
    "theta0": 8499.599649922395,
    "theta1": -0.021448963591599417
}